League,Date,Time,Rodada,Home,Away,Odd_H_HT,Odd_D_HT,Odd_A_HT,Odd_H_FT,Odd_D_FT,Odd_A_FT,Odd_Over05_HT,Odd_Under05_HT,Odd_Over15_HT,Odd_Under15_HT,Odd_Over25_HT,Odd_Under25_HT,Odd_Over05_FT,Odd_Under05_FT,Odd_Over15_FT,Odd_Under15_FT,Odd_Over25_FT,Odd_Under25_FT,Odd_BTTS_Yes,Odd_BTTS_No,Odd_DC_1X,Odd_DC_12,Odd_DC_X2,PPG_Home,PPG_Away,XG_Home_Pre,XG_Away_Pre,XG_Total_Pre,Odd_Corners_H,Odd_Corners_D,Odd_Corners_A,Odd_Corners_Over75,Odd_Corners_Under75,Odd_Corners_Over85,Odd_Corners_Under85,Odd_Corners_Over95,Odd_Corners_Under95,Odd_Corners_Over105,Odd_Corners_Under105,Odd_Corners_Over115,Odd_Corners_Under115
South Korea K League 2,2025-02-22,02:00:00,1,Incheon United,Gyeongnam,1.91,2.4,7.0,1.41,5.1,6.2,1.33,3.25,2.63,1.44,6.5,1.11,1.03,11.0,1.24,3.7,1.8,1.94,1.91,1.8,1.13,1.18,2.42,3.0,0.0,0.0,0.0,0.0,1.34,8.9,3.86,1.37,2.66,1.75,2.03,2.25,1.62,2.92,1.31,3.9,1.19
Japan J1 League,2025-02-22,02:00:00,2,Kyoto Sanga,Urawa Reds,3.4,2.13,3.15,2.74,3.31,2.48,1.42,2.65,2.8,1.38,7.7,1.03,1.06,8.5,1.31,3.15,1.94,1.79,1.74,1.98,1.5,1.3,1.43,1.0,1.0,0.0,2.17,2.17,1.98,6.75,2.02,1.22,3.55,1.41,2.55,1.66,2.0,2.02,1.65,2.55,1.41
Japan J1 League,2025-02-22,02:00:00,2,Yokohama,Fagiano Okayama,3.0,2.0,4.0,1.83,3.4,4.33,1.5,2.5,3.5,1.29,11.0,1.05,1.08,7.5,1.44,2.75,2.28,1.55,1.95,1.8,1.3,1.3,1.65,1.5,0.0,1.76,0.0,1.76,1.67,6.25,2.5,1.36,2.75,1.62,2.08,2.0,1.67,2.6,1.4,3.4,1.24
Japan J1 League,2025-02-22,02:00:00,2,Shimizu S-Pulse,Albirex Niigata,3.0,2.2,3.6,2.62,3.27,2.62,1.4,2.75,2.75,1.4,8.0,1.08,1.06,8.5,1.3,3.4,1.83,1.91,1.67,2.1,1.36,1.25,1.57,3.0,0.5,0.0,1.77,1.77,1.84,6.4,2.18,1.37,2.7,1.64,2.04,2.04,1.64,2.65,1.38,3.45,1.23
Japan J1 League,2025-02-22,02:00:00,2,Nagoya Grampus,Vissel Kobe,4.3,2.03,2.75,3.8,3.4,1.95,1.5,2.4,3.2,1.31,9.0,1.0,1.08,7.5,1.41,2.65,2.15,1.57,1.97,1.76,1.68,1.31,1.28,1.0,1.0,0.0,0.0,0.0,2.43,6.75,1.67,1.22,3.55,1.4,2.6,1.67,2.0,2.05,1.64,2.6,1.4
Japan J1 League,2025-02-22,02:00:00,2,Kashiwa Reysol,Kawasaki Frontale,3.1,2.25,3.2,2.4,3.51,2.72,1.35,2.95,2.5,1.47,5.7,1.11,1.05,9.5,1.23,3.75,1.7,1.95,1.6,2.2,1.47,1.28,1.49,1.0,1.0,0.0,0.0,0.0,1.98,6.4,2.0,1.34,2.85,1.58,2.14,1.95,1.71,2.5,1.43,3.3,1.26
Japan J2 League,2025-02-22,02:00:00,2,Omiya Ardija,Ventforet Kofu,2.63,2.1,4.33,1.95,3.64,3.53,1.4,2.75,3.0,1.36,8.0,1.08,1.06,8.75,1.31,3.1,1.87,1.87,1.83,1.83,1.29,1.29,1.73,3.0,0.0,2.25,0.0,2.25,2.02,7.8,2.02,1.25,3.28,1.48,2.33,1.84,1.82,2.35,1.47,3.2,1.26
Japan J2 League,2025-02-22,02:00:00,2,JEF United,Kataller Toyama,2.2,2.25,6.0,1.45,4.4,6.5,1.4,2.75,2.75,1.4,8.0,1.08,1.05,8.5,1.31,3.3,1.82,1.92,2.0,1.73,1.15,1.23,2.3,3.0,1.5,0.0,1.8,1.8,1.5,8.5,3.0,1.27,3.14,1.51,2.26,1.89,1.77,2.46,1.43,3.34,1.24
Japan J2 League,2025-02-22,02:00:00,2,Jubilo Iwata,Sagan Tosu,2.5,2.2,4.5,1.88,3.69,3.74,1.4,2.75,3.0,1.36,8.0,1.08,1.05,8.5,1.32,3.2,1.87,1.87,1.83,1.83,1.23,1.27,1.82,3.0,0.0,1.68,0.0,1.68,1.7,8.2,2.45,1.21,3.58,1.4,2.56,1.73,1.95,2.17,1.55,2.88,1.32
South Korea K League 1,2025-02-22,02:00:00,2,Jeju United,Sangju Sangmu,3.4,2.15,2.9,2.85,3.2,2.46,1.4,2.75,2.65,1.42,6.25,1.06,1.06,8.5,1.27,3.5,1.95,1.79,1.66,2.09,1.51,1.3,1.38,1.5,1.5,1.38,1.58,2.96,2.12,6.25,1.89,1.4,2.7,1.68,2.05,2.08,1.66,2.65,1.41,3.45,1.25
South Korea K League 2,2025-02-22,02:00:00,1,Cheonan City,Jeonnam Dragons,3.8,2.27,2.49,3.41,3.78,1.95,1.31,3.2,2.4,1.5,5.8,1.08,1.01,11.0,1.22,4.0,1.65,2.0,1.59,2.2,1.73,1.26,1.29,0.0,3.0,0.0,0.0,0.0,2.35,8.1,1.76,1.31,3.15,1.57,2.32,2.0,1.8,2.44,1.49,3.22,1.28
Japan J1 League,2025-02-22,03:00:00,2,Cerezo Osaka,Shonan Bellmare,2.55,2.24,4.0,2.01,3.52,3.47,1.37,2.9,2.55,1.45,6.1,1.1,1.05,9.5,1.25,3.55,1.8,1.94,1.67,2.08,1.3,1.27,1.73,0.0,3.0,0.0,0.0,0.0,1.73,6.4,2.33,1.35,2.8,1.58,2.12,1.97,1.7,2.55,1.42,3.3,1.25
Japan J1 League,2025-02-22,03:00:00,2,Tokyo,Machida Zelvia,4.0,2.06,2.9,3.26,3.45,2.12,1.48,2.5,3.05,1.33,7.9,1.02,1.06,8.5,1.37,2.8,2.05,1.61,1.88,1.83,1.63,1.3,1.32,0.0,3.0,0.0,0.0,0.0,2.3,6.25,1.76,1.42,2.55,1.72,1.93,2.16,1.57,2.8,1.34,3.8,1.2
Japan J1 League,2025-02-22,03:00:00,2,Gamba Osaka,Avispa Fukuoka,2.7,1.97,4.9,1.97,3.12,4.1,1.56,2.3,3.5,1.27,11.0,1.02,1.1,6.5,1.58,2.39,2.37,1.48,2.15,1.63,1.23,1.32,1.75,1.5,0.0,2.07,0.0,2.07,1.58,6.75,2.55,1.3,3.05,1.53,2.25,1.85,1.79,2.33,1.5,3.0,1.3
Japan J1 League,2025-02-22,03:00:00,2,Kashima Antlers,Tokyo Verdy,2.8,2.03,4.2,2.11,3.14,3.61,1.5,2.45,3.15,1.31,8.4,1.01,1.08,7.5,1.4,2.7,2.15,1.57,1.94,1.78,1.28,1.32,1.65,3.0,0.0,0.0,0.0,0.0,1.71,6.4,2.4,1.46,2.43,1.77,1.88,2.25,1.53,2.95,1.32,3.95,1.18
South Korea K League 2,2025-02-22,04:30:00,1,Busan I'Park,Gimpo Citizen,2.75,2.01,4.1,2.04,3.3,3.62,1.5,2.45,3.26,1.3,8.5,1.02,1.03,7.5,1.4,2.8,2.15,1.57,1.93,1.78,1.28,1.31,1.65,1.0,1.0,0.0,0.0,0.0,1.57,6.15,3.14,1.64,2.22,2.08,1.72,2.7,1.36,3.88,1.18,5.15,1.11
South Korea K League 1,2025-02-22,04:30:00,2,FC Seoul,Anyang,2.45,2.0,4.6,1.82,3.55,4.2,1.46,2.5,3.1,1.32,8.5,1.06,1.07,8.0,1.3,3.08,2.0,1.67,1.93,1.75,1.21,1.29,1.93,3.0,1.5,0.0,1.19,1.19,1.54,6.4,2.75,1.46,2.48,1.76,1.94,2.2,1.58,2.9,1.35,3.8,1.21
South Korea K League 1,2025-02-22,04:30:00,2,Daegu,Suwon,3.35,2.05,3.0,2.66,3.28,2.58,1.4,2.75,2.75,1.4,7.4,1.03,1.06,8.5,1.33,3.25,1.94,1.8,1.7,2.0,1.53,1.28,1.4,3.0,0.5,1.95,0.9,2.85,2.05,6.25,1.95,1.42,2.65,1.71,2.0,2.15,1.63,2.8,1.38,3.65,1.23
South Korea K League 2,2025-02-22,04:30:00,1,Ansan Greeners,Suwon Bluewings,4.5,2.0,2.75,3.99,3.06,2.03,1.53,2.38,3.5,1.29,11.0,1.05,1.08,7.0,1.41,2.75,2.2,1.55,2.0,1.73,1.82,1.32,1.22,0.0,3.0,0.0,0.0,0.0,2.89,7.9,1.55,1.56,2.39,1.94,1.86,2.48,1.52,3.34,1.24,5.4,1.1
Turkey Süper Lig,2025-02-22,07:30:00,25,Sivasspor,Konyaspor,3.2,2.05,3.2,2.71,3.16,2.66,1.42,2.65,2.88,1.36,7.0,1.07,1.07,8.0,1.35,3.1,2.05,1.75,1.77,1.95,1.45,1.28,1.48,1.33,0.83,1.28,1.22,2.5,1.81,6.4,2.18,1.37,2.8,1.65,2.08,2.02,1.68,2.55,1.44,3.3,1.27
Bulgaria First League,2025-02-22,07:30:00,22,Arda,Slavia Sofia,2.63,2.05,4.75,2.0,3.3,3.75,1.5,2.5,3.4,1.3,10.0,1.06,1.03,7.7,1.4,2.8,2.15,1.6,2.0,1.73,1.25,1.29,1.73,2.3,0.7,1.43,1.51,2.94,1.61,6.5,2.55,1.47,2.48,1.77,1.92,2.23,1.56,2.9,1.34,3.9,1.21
Portugal LigaPro,2025-02-22,08:00:00,23,Felgueiras 1932,Porto II,2.6,2.15,4.2,1.91,3.4,3.8,1.42,2.65,2.85,1.38,7.3,1.04,1.01,8.9,1.32,3.1,1.91,1.73,1.8,1.91,1.27,1.29,1.73,1.18,0.36,1.53,1.56,3.09,1.69,8.0,2.54,1.2,3.82,1.4,2.72,1.68,2.11,2.09,1.69,2.63,1.43
Serbia SuperLiga,2025-02-22,09:00:00,24,OFK Beograd,Železničar Pančevo,3.0,2.05,3.4,2.41,3.13,2.98,1.44,2.63,3.0,1.36,7.0,1.08,1.05,8.5,1.31,3.25,1.91,1.73,1.8,1.91,1.39,1.29,1.52,1.18,1.27,1.57,1.14,2.71,1.85,7.5,2.33,1.43,2.63,1.74,2.02,2.22,1.62,2.85,1.37,3.9,1.19
Serbia SuperLiga,2025-02-22,09:00:00,24,Vojvodina,IMT Novi Beograd,2.0,2.3,5.5,1.77,3.23,5.1,1.33,3.25,2.63,1.44,6.0,1.11,1.04,9.5,1.22,3.95,1.8,1.94,1.83,1.83,1.11,1.18,2.5,1.18,0.73,1.79,1.45,3.24,1.41,9.0,3.58,1.39,2.77,1.68,2.12,2.11,1.68,2.7,1.41,3.65,1.22
Slovenia PrvaLiga,2025-02-22,09:00:00,22,Bravo,Koper,2.82,2.01,3.78,2.24,3.3,3.12,1.44,2.62,3.1,1.33,8.5,1.05,1.03,7.7,1.33,2.83,1.94,1.8,1.83,1.83,1.31,1.29,1.57,2.1,2.1,1.54,1.36,2.9,1.72,7.7,2.46,1.46,2.38,1.84,1.82,2.41,1.45,3.34,1.24,4.33,1.18
Germany 2. Bundesliga,2025-02-22,09:00:00,23,Karlsruher SC,Magdeburg,3.1,2.25,2.75,2.74,3.7,2.5,1.26,3.5,2.1,1.65,4.6,1.17,1.01,13.0,1.14,5.2,1.43,2.7,1.42,2.65,1.57,1.28,1.42,1.4,2.55,1.71,1.51,3.22,2.12,6.5,1.86,1.28,3.25,1.49,2.4,1.8,1.88,2.23,1.56,2.9,1.35
Germany 2. Bundesliga,2025-02-22,09:00:00,23,Ulm,Elversberg,3.5,2.23,2.9,2.91,3.45,2.49,1.36,2.9,2.55,1.45,6.1,1.1,1.05,9.0,1.25,3.6,1.81,2.01,1.63,2.15,1.56,1.3,1.38,0.9,1.5,1.48,1.41,2.89,2.17,6.4,1.84,1.29,3.15,1.5,2.33,1.84,1.84,2.3,1.53,2.9,1.34
Germany 2. Bundesliga,2025-02-22,09:00:00,23,Preußen Münster,Jahn Regensburg,2.4,2.15,4.2,1.86,3.72,4.4,1.37,2.8,2.7,1.41,6.75,1.09,1.05,9.0,1.29,3.3,1.92,1.82,1.8,1.88,1.23,1.28,1.9,0.91,0.1,1.2,1.15,2.35,1.55,6.5,2.7,1.26,3.4,1.47,2.48,1.74,1.96,2.15,1.61,2.7,1.38
Wales Welsh Premier League,2025-02-22,09:15:00,4,Aberystwyth Town,Newtown,3.5,2.3,2.6,2.6,3.77,2.38,1.3,3.4,2.5,1.5,5.5,1.13,1.01,11.0,1.16,4.15,1.83,1.91,1.62,2.2,1.66,1.24,1.32,0.92,0.75,1.1,1.24,2.34,2.26,6.25,1.94,1.25,3.28,1.48,2.33,1.86,1.8,2.38,1.46,3.28,1.25
England EFL League One,2025-02-22,09:30:00,33,Reading,Birmingham City,6.5,2.38,1.95,5.7,4.1,1.53,1.33,3.25,2.63,1.44,6.5,1.11,1.04,10.0,1.25,3.95,1.73,2.0,1.95,1.8,2.65,1.15,1.1,2.27,2.14,1.35,1.16,2.51,3.4,7.0,1.38,1.26,3.4,1.46,2.5,1.73,1.98,2.15,1.61,2.7,1.38
England Premier League,2025-02-22,09:30:00,26,Everton,Manchester United,3.25,2.05,3.5,3.0,3.2,2.4,1.44,2.63,3.4,1.3,10.0,1.06,1.08,8.8,1.4,3.05,2.0,1.75,1.91,1.91,1.46,1.33,1.46,1.31,1.08,1.39,1.36,2.75,1.91,6.5,2.07,1.23,3.65,1.41,2.65,1.66,2.06,2.06,1.66,2.55,1.43
Czech Republic First League,2025-02-22,09:30:00,23,Dukla Praha,Sigma Olomouc,3.63,2.2,3.02,2.85,3.0,2.38,1.39,2.95,2.96,1.39,8.2,1.02,1.03,7.7,1.31,3.1,1.98,1.77,1.74,1.98,1.53,1.31,1.39,1.0,1.09,1.28,1.2,2.48,2.08,6.4,1.9,1.42,2.65,1.7,2.02,2.12,1.63,2.7,1.38,3.65,1.24
England EFL League Two,2025-02-22,09:30:00,33,Morecambe,Walsall,5.5,2.25,2.2,4.5,4.33,1.62,1.4,2.75,2.75,1.4,8.0,1.08,1.03,13.0,1.28,3.6,1.89,1.85,1.91,1.8,2.35,1.18,1.17,0.8,1.64,1.41,1.33,2.74,3.05,7.0,1.44,1.19,4.1,1.34,2.9,1.56,2.23,1.95,1.85,2.33,1.52
England EFL League Two,2025-02-22,09:30:00,33,Crewe Alexandra,Barrow,3.1,1.91,4.33,2.49,3.02,2.97,1.57,2.25,3.75,1.25,13.0,1.04,1.06,6.2,1.5,2.4,2.41,1.5,2.2,1.62,1.37,1.36,1.5,1.73,0.6,1.26,1.16,2.42,1.84,6.5,2.15,1.28,3.3,1.47,2.43,1.79,1.9,2.23,1.57,2.88,1.35
England EFL League One,2025-02-22,09:30:00,33,Rotherham United,Barnsley,3.1,2.1,3.4,2.4,3.28,2.87,1.4,2.75,3.0,1.36,8.0,1.08,1.06,8.5,1.3,3.4,1.87,1.87,1.75,2.0,1.4,1.25,1.55,1.8,1.67,1.61,1.44,3.05,1.79,6.75,2.2,1.21,3.8,1.38,2.7,1.63,2.12,1.9,1.9,2.48,1.47
England Championship,2025-02-22,09:30:00,34,Sunderland,Hull City,2.3,2.2,5.5,1.58,3.92,5.5,1.44,2.63,3.0,1.36,9.0,1.07,1.06,11.0,1.33,3.4,1.89,1.85,1.91,1.8,1.18,1.27,2.05,2.25,1.13,1.61,1.27,2.88,1.41,7.5,3.15,1.24,3.55,1.41,2.65,1.68,2.04,2.07,1.66,2.65,1.41
Scotland Premiership,2025-02-22,09:30:00,27,Hibernian,Celtic,6.0,2.4,2.0,6.5,4.2,1.48,1.3,3.4,2.5,1.5,6.0,1.13,1.02,17.0,1.2,4.33,1.62,2.21,1.75,2.0,2.55,1.19,1.12,1.54,2.46,1.37,1.9,3.27,4.1,8.0,1.25,1.17,4.35,1.29,3.2,1.48,2.43,1.73,1.96,2.1,1.63
England Championship,2025-02-22,09:30:00,34,Derby County,Millwall,3.5,1.91,3.75,2.44,3.39,2.74,1.57,2.25,3.75,1.25,13.0,1.04,1.1,7.5,1.62,2.2,2.15,1.65,2.2,1.62,1.42,1.35,1.47,1.31,1.06,1.39,1.18,2.57,1.66,6.75,2.45,1.2,3.95,1.36,2.85,1.58,2.18,1.95,1.75,2.4,1.49
England Championship,2025-02-22,09:30:00,34,Plymouth Argyle,Cardiff City,3.1,2.2,3.4,2.42,3.55,2.67,1.4,2.75,2.75,1.4,8.0,1.08,1.05,12.0,1.3,3.6,1.87,1.87,1.73,2.0,1.44,1.29,1.52,1.5,0.69,1.35,1.14,2.49,2.05,6.5,1.93,1.26,3.4,1.47,2.48,1.73,1.96,2.17,1.6,2.75,1.38
Uruguay Primera División,2025-02-22,09:45:00,4,Liverpool FC Montevideo,Cerro,2.7,1.94,4.6,2.01,3.13,3.95,1.56,2.3,3.54,1.26,9.6,1.0,1.1,6.4,1.48,2.55,2.37,1.48,2.11,1.66,1.24,1.33,1.69,3.0,3.0,1.68,1.05,2.73,1.67,6.25,2.5,1.54,2.3,1.9,1.79,2.43,1.48,3.2,1.28,4.35,1.17
France Ligue 2,2025-02-22,10:00:00,24,Caen,Pau,2.95,2.05,3.4,2.71,3.26,2.54,1.4,2.7,2.75,1.39,7.0,1.08,1.06,8.5,1.33,3.25,1.95,1.79,1.72,1.98,1.39,1.32,1.53,0.92,0.83,1.26,1.43,2.69,1.9,6.4,2.07,1.27,3.3,1.47,2.48,1.76,1.94,2.17,1.6,2.7,1.38
Spain La Liga,2025-02-22,10:00:00,25,Deportivo Alavés,RCD Espanyol,2.6,1.95,5.5,1.83,3.25,5.0,1.57,2.25,3.75,1.25,13.0,1.04,1.11,7.0,1.5,2.4,2.63,1.5,2.25,1.57,1.18,1.32,1.93,1.18,0.18,1.16,0.81,1.97,1.38,6.75,3.4,1.37,2.8,1.6,2.17,1.98,1.72,2.55,1.44,3.3,1.27
France Ligue 2,2025-02-22,10:00:00,24,Lorient,Laval,1.96,2.38,6.6,1.46,4.3,6.6,1.36,2.95,2.6,1.44,6.3,1.09,1.01,11.9,1.28,3.58,1.85,1.89,1.98,1.74,1.12,1.19,2.5,2.82,1.33,1.78,1.12,2.9,1.38,7.0,3.45,1.26,3.4,1.47,2.48,1.74,1.96,2.15,1.61,2.7,1.4
Spain Segunda División,2025-02-22,10:00:00,28,Racing Club de Ferrol,Córdoba,3.65,2.03,3.2,2.97,3.16,2.62,1.49,2.45,3.1,1.32,8.3,1.01,1.09,7.0,1.39,2.75,2.15,1.57,1.88,1.84,1.5,1.33,1.39,0.69,1.0,1.24,1.45,2.69,1.95,6.4,2.05,1.36,2.8,1.6,2.14,1.95,1.72,2.5,1.44,3.3,1.26
Bulgaria First League,2025-02-22,10:00:00,22,Botev Plovdiv,CSKA Sofia,3.75,2.05,3.1,2.68,3.08,2.68,1.44,2.63,3.4,1.3,10.0,1.06,1.02,7.7,1.4,2.8,2.1,1.61,1.83,1.83,1.53,1.3,1.37,2.0,1.1,1.58,1.63,3.21,1.98,6.4,1.98,1.34,2.9,1.58,2.18,1.95,1.74,2.45,1.48,3.2,1.29
Turkey Süper Lig,2025-02-22,10:00:00,25,Antalyaspor,Kasımpaşa,2.8,2.2,3.2,2.39,3.49,2.91,1.33,3.1,2.5,1.46,6.0,1.11,1.05,9.5,1.25,3.95,1.68,2.05,1.6,2.2,1.42,1.27,1.57,1.64,1.5,1.42,1.31,2.73,1.81,6.4,2.18,1.37,2.8,1.63,2.12,2.02,1.7,2.55,1.44,3.4,1.26
Austria 2. Liga,2025-02-22,10:30:00,17,Liefering,Lafnitz,2.03,2.66,4.83,1.57,4.58,4.19,1.22,3.8,2.13,1.68,4.4,1.18,1.01,17.0,1.13,5.4,1.44,2.65,1.52,2.35,1.19,1.19,2.25,0.75,0.5,1.56,1.37,2.93,1.47,7.3,3.48,1.15,4.5,1.26,3.22,1.49,2.38,1.85,1.85,2.32,1.51
Poland Ekstraklasa,2025-02-22,10:45:00,22,Korona Kielce,Śląsk Wrocław,3.02,2.1,3.94,2.35,3.09,3.12,1.46,2.68,3.32,1.32,7.0,1.06,1.08,7.5,1.39,2.75,2.15,1.6,1.89,1.82,1.34,1.33,1.56,1.1,0.4,1.41,1.32,2.73,1.86,6.25,2.17,1.44,2.45,1.77,1.88,2.25,1.53,2.95,1.32,3.95,1.18
Portugal LigaPro,2025-02-22,11:00:00,23,CD Mafra,FC Vizela,4.3,2.05,2.75,3.75,3.2,2.0,1.48,2.45,3.1,1.32,9.3,1.01,1.06,7.5,1.39,2.75,2.1,1.6,1.91,1.8,1.67,1.32,1.28,1.0,1.27,1.26,1.44,2.7,2.44,8.0,1.75,1.39,2.77,1.68,2.12,2.11,1.68,2.7,1.41,3.65,1.22
Portugal LigaPro,2025-02-22,11:00:00,23,Benfica II,Paços de Ferreira,2.6,2.19,4.1,2.05,3.4,3.3,1.39,2.8,2.7,1.41,7.6,1.03,1.03,9.0,1.28,3.3,1.83,1.8,1.73,2.0,1.29,1.28,1.72,2.0,1.4,1.53,1.32,2.85,1.82,8.0,2.33,1.26,3.38,1.48,2.45,1.82,1.93,2.3,1.57,2.93,1.35
Croatia Prva HNL,2025-02-22,11:00:00,23,Hajduk Split,Osijek,2.3,2.2,5.2,1.74,3.35,4.4,1.4,2.75,2.8,1.39,6.85,1.05,1.03,9.0,1.32,3.1,1.98,1.77,1.88,1.82,1.19,1.26,1.99,2.45,1.2,1.48,1.36,2.84,1.64,8.0,2.77,1.28,3.25,1.52,2.37,1.87,1.87,2.38,1.54,3.12,1.31
Slovenia PrvaLiga,2025-02-22,11:00:00,22,Maribor,Mura,2.03,2.24,5.6,1.63,3.87,5.1,1.33,3.08,2.66,1.43,6.3,1.1,1.01,11.0,1.21,3.58,1.8,1.94,1.83,1.83,1.1,1.19,2.38,2.09,1.1,1.88,1.32,3.2,1.33,9.1,3.9,1.25,3.28,1.47,2.35,1.83,1.83,2.35,1.47,3.14,1.27
Italy Serie A,2025-02-22,11:00:00,26,Parma,Bologna,4.33,2.2,2.6,4.1,3.72,1.91,1.36,3.0,2.75,1.4,8.0,1.08,1.03,10.0,1.23,3.62,1.85,1.96,1.75,2.0,1.87,1.28,1.24,0.92,1.5,1.39,1.25,2.64,2.32,6.5,1.74,1.32,3.05,1.54,2.3,1.88,1.81,2.38,1.5,3.05,1.3
Italy Serie A,2025-02-22,11:00:00,26,Venezia,Lazio,5.0,2.3,2.25,4.6,4.1,1.75,1.33,3.25,2.63,1.44,6.5,1.11,1.02,11.0,1.2,3.94,1.8,2.02,1.75,2.0,2.18,1.25,1.19,1.0,1.75,1.35,1.58,2.93,2.7,6.75,1.54,1.22,3.65,1.4,2.65,1.67,2.04,2.06,1.66,2.6,1.43
Italy Serie B,2025-02-22,11:00:00,27,Mantova,Bari 1908,3.1,2.0,3.25,2.62,3.31,2.85,1.42,2.65,2.85,1.36,7.5,1.07,1.07,8.0,1.33,3.25,2.02,1.8,1.77,1.93,1.43,1.32,1.49,1.58,1.0,1.31,1.3,2.61,2.1,7.5,1.95,1.47,2.5,1.82,1.93,2.34,1.56,3.02,1.33,4.2,1.17
Italy Serie B,2025-02-22,11:00:00,27,Pisa,Juve Stabia,2.55,1.93,4.8,1.78,3.56,5.2,1.51,2.35,3.3,1.29,9.25,1.05,1.09,7.0,1.48,2.65,2.3,1.5,2.1,1.63,1.2,1.34,1.85,2.31,1.15,1.48,1.11,2.59,1.59,8.0,2.8,1.43,2.63,1.7,2.05,2.22,1.62,2.85,1.37,3.9,1.19
Italy Serie B,2025-02-22,11:00:00,27,Reggiana,Carrarese,2.85,1.9,4.1,2.21,3.17,3.75,1.53,2.3,3.4,1.27,9.75,1.04,1.11,6.25,1.5,2.55,2.37,1.48,2.05,1.66,1.28,1.36,1.65,1.23,0.46,1.3,1.2,2.5,1.95,7.5,2.1,1.43,2.63,1.7,2.05,2.22,1.62,2.85,1.37,3.9,1.19
Egypt Egyptian Premier League,2025-02-22,11:00:00,15,Al Masry,Ismaily SC,2.3,1.98,5.5,1.77,3.17,5.3,1.51,2.37,3.4,1.27,9.75,1.04,1.09,6.0,1.5,2.4,2.3,1.5,2.37,1.51,1.15,1.29,2.1,1.83,0.14,1.09,1.05,2.14,1.4,8.7,3.46,1.3,2.97,1.56,2.16,1.98,1.7,2.59,1.39,3.58,1.21
Egypt Egyptian Premier League,2025-02-22,11:00:00,15,El Gounah,Ceramica Cleopatra,4.5,1.85,2.75,4.6,3.1,1.88,1.55,2.3,3.5,1.25,11.0,1.05,1.11,6.0,1.5,2.3,2.62,1.43,2.1,1.62,1.67,1.33,1.22,1.0,1.71,1.28,1.36,2.64,3.24,6.6,1.52,1.25,3.28,1.48,2.33,1.85,1.81,2.38,1.46,3.2,1.26
Italy Serie B,2025-02-22,11:00:00,27,Cittadella,Modena,3.5,1.9,3.2,3.1,3.0,2.64,1.51,2.35,3.4,1.28,9.5,1.05,1.06,6.3,1.42,2.56,2.3,1.5,2.0,1.7,1.5,1.36,1.38,1.0,0.77,1.4,1.19,2.59,1.91,7.5,2.2,1.43,2.63,1.74,2.02,2.22,1.62,2.85,1.37,3.9,1.19
Germany Bundesliga,2025-02-22,11:30:00,23,Holstein Kiel,Bayer Leverkusen,8.5,2.75,1.67,9.3,6.5,1.29,1.22,4.0,2.1,1.67,4.5,1.18,1.01,26.0,1.13,6.0,1.38,2.9,1.91,1.91,4.06,1.14,1.07,0.91,2.0,1.24,1.49,2.73,4.9,9.0,1.19,1.22,3.7,1.41,2.65,1.65,2.07,2.02,1.68,2.55,1.44
Germany Bundesliga,2025-02-22,11:30:00,23,Wolfsburg,Bochum,2.1,2.4,5.5,1.54,4.6,6.0,1.3,3.4,2.38,1.53,6.0,1.13,1.02,17.0,1.19,4.75,1.57,2.25,1.7,2.05,1.17,1.23,2.55,1.18,0.18,1.47,1.25,2.72,1.4,7.0,3.3,1.28,3.2,1.49,2.4,1.77,1.91,2.2,1.58,2.8,1.36
Germany Bundesliga,2025-02-22,11:30:00,23,Mainz 05,St. Pauli,2.5,2.1,5.0,1.85,3.63,4.6,1.44,2.63,3.25,1.33,10.0,1.06,1.07,10.0,1.38,3.1,1.91,1.83,2.0,1.75,1.22,1.31,2.07,1.64,1.09,1.46,1.16,2.62,1.44,6.75,3.15,1.3,3.05,1.52,2.32,1.86,1.82,2.32,1.52,2.95,1.33
Germany Bundesliga,2025-02-22,11:30:00,23,Borussia M'gladbach,Augsburg,2.5,2.3,4.0,1.93,3.8,3.93,1.33,3.25,2.5,1.5,6.5,1.11,1.03,15.0,1.22,4.33,1.65,2.15,1.62,2.2,1.27,1.3,1.96,1.82,0.91,1.47,0.99,2.46,1.54,6.75,2.7,1.24,3.55,1.43,2.6,1.71,2.0,2.08,1.65,2.65,1.41
Slovakia Super Liga,2025-02-22,11:30:00,21,Ružomberok,FK Košice,3.1,2.05,3.25,2.3,3.27,3.04,1.44,2.63,3.0,1.36,7.0,1.08,1.01,8.5,1.27,3.15,1.94,1.8,1.73,2.0,1.39,1.3,1.56,1.2,1.2,1.4,1.15,2.55,1.7,6.7,2.72,1.21,3.78,1.41,2.7,1.69,2.1,2.1,1.68,2.65,1.42
Wales Welsh Premier League,2025-02-22,11:30:00,4,Caernarfon Town,Penybont,3.25,2.25,2.88,2.75,3.7,2.29,1.33,3.25,2.5,1.5,6.0,1.11,1.01,11.0,1.16,4.1,1.67,2.1,1.62,2.2,1.55,1.24,1.39,1.08,2.0,1.35,1.47,2.82,0.0,0.0,0.0,0.0,0.0,0.0,0.0,0.0,0.0,0.0,0.0,0.0,0.0
Wales Welsh Premier League,2025-02-22,11:30:00,4,Barry Town United,Connah's Quay,2.88,2.2,3.1,2.38,3.77,2.6,1.33,3.25,2.63,1.44,6.0,1.11,1.01,11.0,1.18,3.84,1.67,2.0,1.62,2.2,1.43,1.25,1.48,1.75,1.0,1.42,1.47,2.89,2.4,8.2,1.73,1.23,3.42,1.44,2.43,1.79,1.87,2.26,1.51,3.05,1.28
Slovakia Super Liga,2025-02-22,11:30:00,21,Komárno,Skalica,2.88,2.2,3.4,2.51,3.36,2.68,1.36,3.0,2.75,1.4,6.5,1.1,1.02,10.0,1.21,3.6,1.82,1.92,1.67,2.1,1.44,1.28,1.51,0.78,0.5,1.44,1.4,2.84,2.07,6.25,2.16,1.28,3.08,1.53,2.27,2.0,1.8,2.51,1.44,3.42,1.23
Wales Welsh Premier League,2025-02-22,11:30:00,4,Flint Town United,Briton Ferry,2.63,2.3,3.4,2.12,3.93,2.92,1.3,3.4,2.38,1.53,5.0,1.14,1.0,12.0,1.12,4.8,1.44,2.59,1.53,2.38,1.35,1.23,1.62,1.46,1.0,1.81,1.42,3.23,1.47,8.9,3.08,1.18,3.92,1.36,2.7,1.69,2.07,2.11,1.67,2.7,1.36
Slovakia Super Liga,2025-02-22,11:30:00,21,Trenčín,Slovan Bratislava,6.04,2.64,1.88,5.3,4.5,1.52,1.24,3.8,2.31,1.58,4.8,1.16,1.0,12.0,1.17,4.6,1.5,2.3,1.66,2.08,2.46,1.17,1.13,1.3,2.5,1.56,1.58,3.14,3.38,9.1,1.43,1.25,3.28,1.5,2.35,1.92,1.88,2.4,1.48,3.2,1.26
Belgium Pro League,2025-02-22,12:00:00,27,FCV Dender EH,Beerschot-Wilrijk,2.5,2.15,4.75,1.83,3.65,4.0,1.42,2.85,3.0,1.38,7.5,1.08,1.04,9.45,1.31,3.32,1.79,1.95,1.88,1.92,1.22,1.25,2.0,1.23,0.08,1.1,1.09,2.19,1.47,7.0,2.95,1.3,3.05,1.54,2.3,1.89,1.8,2.38,1.5,3.05,1.3
Serbia SuperLiga,2025-02-22,12:00:00,24,Red Star Belgrade,Partizan,1.73,2.63,6.5,1.29,5.7,8.3,1.25,3.75,2.1,1.67,4.5,1.17,1.01,17.0,1.14,5.2,1.43,2.62,1.8,1.91,1.07,1.12,3.2,2.82,2.09,2.16,1.35,3.51,1.19,11.0,5.67,1.27,3.27,1.51,2.39,1.85,1.95,2.36,1.55,3.1,1.32
England EFL League Two,2025-02-22,12:00:00,33,Swindon Town,Chesterfield,3.25,2.25,3.0,2.78,3.45,2.39,1.36,3.0,2.63,1.44,7.0,1.1,1.02,10.0,1.19,3.78,1.85,1.89,1.62,2.2,1.55,1.28,1.42,1.47,1.13,1.39,1.29,2.68,2.05,6.5,1.95,1.25,3.4,1.44,2.55,1.74,1.96,2.17,1.6,2.7,1.38
England Premier League,2025-02-22,12:00:00,26,Arsenal,West Ham United,1.73,2.6,9.5,1.25,6.0,10.0,1.3,3.4,2.5,1.5,6.0,1.13,1.02,17.0,1.22,4.6,1.58,2.37,2.2,1.62,1.06,1.14,3.5,2.33,1.08,1.97,1.47,3.44,1.16,9.5,5.4,1.2,3.95,1.36,2.85,1.58,2.18,1.93,1.76,2.4,1.49
England Premier League,2025-02-22,12:00:00,26,Fulham,Crystal Palace,2.75,2.1,4.0,2.0,3.4,3.7,1.4,2.75,3.0,1.36,8.0,1.08,1.06,10.0,1.34,3.4,1.91,1.83,1.75,2.0,1.29,1.3,1.72,1.54,1.58,1.64,1.39,3.03,1.5,6.75,2.8,1.2,3.95,1.35,2.9,1.58,2.18,1.95,1.75,2.43,1.48
England Premier League,2025-02-22,12:00:00,26,Ipswich Town,Tottenham Hotspur,3.75,2.4,2.5,3.4,3.75,2.0,1.29,3.5,2.25,1.57,5.5,1.14,1.03,17.0,1.18,5.1,1.5,2.48,1.5,2.5,1.73,1.26,1.33,0.54,1.08,1.19,1.6,2.79,2.6,7.0,1.57,1.11,5.3,1.21,3.8,1.38,2.75,1.6,2.17,1.95,1.75
England Premier League,2025-02-22,12:00:00,26,Southampton,Brighton & Hove Albion,5.0,2.4,2.1,4.33,4.0,1.73,1.29,3.5,2.38,1.53,5.5,1.14,1.02,18.0,1.19,5.0,1.55,2.3,1.67,2.1,2.25,1.22,1.17,0.33,1.46,1.18,1.39,2.57,2.8,7.0,1.49,1.24,3.55,1.41,2.65,1.66,2.06,2.04,1.68,2.55,1.44
Czech Republic First League,2025-02-22,12:00:00,23,Baník Ostrava,Teplice,2.05,2.41,5.4,1.6,3.55,5.2,1.32,3.1,2.4,1.5,5.55,1.12,1.04,8.5,1.23,3.8,1.73,2.03,1.75,1.97,1.15,1.23,2.21,2.4,0.82,1.82,1.38,3.2,1.49,6.75,2.9,1.4,2.7,1.66,2.08,2.05,1.68,2.6,1.43,3.4,1.25
England EFL League Two,2025-02-22,12:00:00,33,Bromley,Harrogate Town,2.63,2.1,4.5,1.78,3.64,4.3,1.44,2.63,3.25,1.33,9.0,1.07,1.01,8.6,1.3,2.98,2.0,1.75,1.91,1.8,1.24,1.28,1.84,1.2,0.81,1.48,1.12,2.6,1.56,6.75,2.65,1.25,3.45,1.44,2.55,1.71,2.0,2.08,1.65,2.65,1.41
England EFL League Two,2025-02-22,12:00:00,33,Bradford City,Milton Keynes Dons,2.5,2.2,4.5,1.83,3.56,4.1,1.4,2.75,2.75,1.4,8.0,1.08,1.01,8.8,1.24,3.36,1.89,1.85,1.8,1.91,1.2,1.26,1.99,2.44,1.0,1.43,1.34,2.77,1.54,6.4,2.8,1.41,2.63,1.71,2.0,2.0,1.8,2.7,1.38,3.65,1.23
England EFL League Two,2025-02-22,12:00:00,33,Carlisle United,Gillingham,3.4,1.95,3.5,2.58,3.21,2.69,1.53,2.38,3.5,1.29,11.0,1.05,1.03,7.2,1.39,2.6,2.3,1.57,2.0,1.73,1.43,1.33,1.46,0.67,0.93,1.36,1.05,2.41,1.97,6.25,2.05,1.41,2.65,1.68,2.04,1.92,1.88,2.65,1.4,3.55,1.24
England EFL League Two,2025-02-22,12:00:00,33,Colchester United,AFC Wimbledon,3.5,1.95,3.5,2.62,3.27,2.62,1.53,2.38,3.5,1.29,11.0,1.05,1.08,8.5,1.57,2.25,2.45,1.5,2.0,1.73,1.47,1.28,1.47,1.53,1.33,1.53,1.22,2.75,1.98,6.5,1.98,1.28,3.3,1.49,2.4,1.88,1.92,2.23,1.57,2.88,1.35
England EFL League Two,2025-02-22,12:00:00,33,Grimsby Town,Fleetwood Town,3.1,2.25,3.2,2.51,3.41,2.64,1.33,3.25,2.63,1.44,6.5,1.11,1.03,13.0,1.22,4.0,1.89,1.85,1.57,2.25,1.5,1.25,1.53,1.53,1.07,1.41,1.18,2.59,1.97,6.75,1.98,1.18,4.0,1.34,2.9,1.56,2.23,1.89,1.8,2.33,1.5
Czech Republic First League,2025-02-22,12:00:00,23,Pardubice,Mladá Boleslav,3.92,2.14,2.61,3.36,3.48,2.06,1.37,2.9,2.73,1.41,6.4,1.06,1.01,9.0,1.25,3.28,1.88,1.89,1.71,2.02,1.72,1.28,1.3,0.9,1.09,1.2,1.3,2.5,2.33,6.4,1.74,1.4,2.65,1.68,2.05,2.08,1.65,2.65,1.41,3.55,1.24
England EFL League Two,2025-02-22,12:00:00,33,Newport County,Cheltenham Town,3.5,2.1,3.1,2.86,3.36,2.37,1.44,2.63,3.0,1.36,9.0,1.07,1.02,8.3,1.28,3.08,1.98,1.77,1.73,2.0,1.54,1.31,1.4,1.8,0.79,1.24,1.12,2.36,2.1,6.5,1.9,1.26,3.4,1.44,2.55,1.72,1.98,2.12,1.63,2.65,1.41
England EFL League Two,2025-02-22,12:00:00,33,Notts County,Tranmere Rovers,2.3,2.1,5.5,1.67,3.82,4.75,1.44,2.63,3.25,1.33,9.0,1.07,1.05,10.0,1.36,3.2,1.87,1.87,2.0,1.73,1.17,1.2,2.25,1.87,0.53,1.72,1.19,2.91,1.46,7.0,2.95,1.21,3.8,1.38,2.75,1.64,2.1,1.98,1.72,2.48,1.47
England EFL League Two,2025-02-22,12:00:00,33,Port Vale,Salford City,3.0,2.05,4.0,2.17,3.33,3.23,1.5,2.5,3.4,1.3,10.0,1.06,1.02,8.1,1.33,2.84,2.13,1.65,1.91,1.8,1.31,1.31,1.65,1.86,1.27,1.3,1.2,2.5,1.74,6.75,2.35,1.3,3.15,1.5,2.33,1.8,2.0,2.28,1.54,2.9,1.35
England EFL League Two,2025-02-22,12:00:00,33,Accrington Stanley,Doncaster Rovers,4.0,2.25,2.63,3.77,3.27,2.01,1.36,3.0,2.63,1.44,7.0,1.1,1.04,12.0,1.25,3.75,1.77,1.98,1.62,2.2,1.8,1.25,1.3,1.14,1.69,1.2,1.43,2.63,2.55,6.75,1.65,1.23,3.65,1.41,2.65,1.66,2.07,1.88,1.92,2.55,1.43
England Premier League,2025-02-22,12:00:00,26,AFC Bournemouth,Wolverhampton Wanderers,2.1,2.4,5.0,1.62,4.2,4.6,1.29,3.5,2.38,1.53,5.5,1.14,1.03,17.0,1.2,4.85,1.55,2.3,1.67,2.1,1.17,1.22,2.25,1.75,0.69,1.79,1.31,3.1,1.33,8.0,3.55,1.15,4.6,1.26,3.4,1.46,2.5,1.71,2.0,2.07,1.66
England EFL League One,2025-02-22,12:00:00,33,Blackpool,Crawley Town,2.1,2.3,6.0,1.53,4.1,5.9,1.36,3.0,2.63,1.44,7.0,1.1,1.04,10.0,1.25,3.8,1.8,1.94,1.95,1.8,1.13,1.18,2.4,1.14,0.75,1.58,1.32,2.9,1.42,6.75,3.15,1.28,3.3,1.49,2.4,1.78,1.91,2.23,1.57,2.88,1.35
England Championship,2025-02-22,12:00:00,34,Coventry City,Preston North End,2.5,2.1,5.0,1.81,3.45,4.4,1.44,2.63,3.25,1.33,10.0,1.06,1.07,9.0,1.4,3.0,2.1,1.67,2.0,1.73,1.21,1.3,1.9,1.69,0.94,1.78,1.09,2.87,1.41,7.0,3.3,1.26,3.4,1.47,2.48,1.75,1.95,2.17,1.6,2.8,1.37
England Championship,2025-02-22,12:00:00,34,Portsmouth,Queens Park Rangers,3.1,2.1,3.6,2.26,3.26,3.12,1.44,2.63,3.25,1.33,9.0,1.07,1.06,10.0,1.33,3.3,2.0,1.75,1.8,1.91,1.4,1.28,1.6,1.63,1.13,1.55,0.93,2.48,1.56,7.0,2.63,1.11,5.3,1.21,3.8,1.37,2.8,1.58,2.18,1.93,1.76
England Championship,2025-02-22,12:00:00,34,Swansea City,Blackburn Rovers,3.2,2.05,3.6,2.42,3.21,2.89,1.44,2.63,3.4,1.3,10.0,1.06,1.07,9.0,1.4,3.0,2.15,1.65,1.91,1.8,1.4,1.31,1.55,1.25,1.19,1.38,1.01,2.39,1.55,7.0,2.7,1.24,3.55,1.43,2.6,1.68,2.02,2.08,1.65,2.65,1.41
England Championship,2025-02-22,12:00:00,34,West Bromwich Albion,Oxford United,2.3,2.1,6.0,1.62,3.56,5.8,1.44,2.63,3.4,1.3,10.0,1.06,1.08,9.0,1.4,2.95,2.1,1.67,2.2,1.62,1.15,1.27,2.15,1.75,0.56,1.52,1.01,2.53,1.25,8.0,4.1,1.24,3.55,1.41,2.65,1.67,2.05,2.04,1.68,2.55,1.44
Scotland Premiership,2025-02-22,12:00:00,27,Aberdeen,Kilmarnock,2.75,2.2,4.0,2.16,3.1,3.51,1.4,2.75,3.0,1.36,8.0,1.08,1.07,9.5,1.33,3.3,1.94,1.8,1.75,2.0,1.32,1.31,1.66,1.77,0.69,1.39,1.2,2.59,1.68,6.75,2.4,1.21,3.8,1.38,2.75,1.62,2.14,2.0,1.8,2.5,1.46
Scotland Premiership,2025-02-22,12:00:00,27,Dundee United,Motherwell,2.3,2.25,5.0,1.76,3.61,4.5,1.36,3.0,2.75,1.4,7.0,1.1,1.04,12.0,1.25,3.75,1.82,1.92,1.8,1.95,1.2,1.27,2.0,1.5,1.0,1.35,1.12,2.47,1.64,7.0,2.48,1.19,4.1,1.33,2.95,1.55,2.28,2.0,1.8,2.33,1.52
Scotland Premiership,2025-02-22,12:00:00,27,Rangers,St. Mirren,1.57,3.0,9.5,1.22,6.0,12.0,1.2,4.33,2.0,1.73,4.0,1.22,1.01,17.0,1.1,6.5,1.36,2.99,1.91,1.91,1.03,1.09,4.6,2.85,1.08,2.16,1.11,3.27,1.14,10.0,5.8,1.25,3.45,1.44,2.55,1.68,2.02,2.05,1.66,2.55,1.44
Greece Super League,2025-02-22,12:00:00,24,Kallithea,OFI,3.1,2.1,3.5,2.3,3.2,2.9,1.4,2.75,3.0,1.36,9.0,1.07,1.06,9.8,1.32,3.3,1.95,1.7,1.75,2.0,1.42,1.37,1.56,0.91,1.36,1.4,1.02,2.42,1.6,6.9,2.8,1.36,2.79,1.67,2.07,2.0,1.8,2.81,1.33,3.75,1.21
England EFL League One,2025-02-22,12:00:00,33,Bolton Wanderers,Leyton Orient,2.63,2.2,4.0,1.99,3.47,3.57,1.4,2.75,2.75,1.4,8.0,1.08,1.05,9.0,1.3,3.45,1.87,1.87,1.75,2.0,1.28,1.25,1.77,1.69,1.64,1.76,1.09,2.85,1.74,6.5,2.32,1.3,3.15,1.52,2.32,1.85,1.83,2.32,1.53,2.95,1.33
Scotland Premiership,2025-02-22,12:00:00,27,Ross County,Dundee,3.1,2.1,3.6,2.41,3.23,2.9,1.4,2.75,3.0,1.36,9.0,1.07,1.05,11.0,1.3,3.5,1.85,1.89,1.75,2.0,1.41,1.29,1.55,1.08,1.0,1.18,1.07,2.25,1.98,6.75,1.98,1.21,3.8,1.37,2.8,1.62,2.12,1.98,1.72,2.48,1.47
England EFL League One,2025-02-22,12:00:00,33,Charlton Athletic,Exeter City,2.2,2.2,5.5,1.52,4.2,5.8,1.4,2.75,3.0,1.36,8.0,1.08,1.03,9.0,1.26,3.32,1.87,1.87,1.95,1.8,1.13,1.24,2.4,2.0,1.13,1.52,0.91,2.43,1.56,6.75,2.65,1.3,3.15,1.5,2.35,1.82,1.86,2.3,1.54,2.9,1.34
England EFL League One,2025-02-22,12:00:00,33,Huddersfield Town,Peterborough United,2.25,2.38,4.75,1.66,3.77,5.0,1.33,3.25,2.5,1.5,6.0,1.13,1.02,15.0,1.2,4.33,1.61,2.15,1.67,2.1,1.18,1.2,2.2,1.75,0.6,1.47,1.2,2.67,1.43,7.5,3.15,1.19,4.1,1.33,2.95,1.54,2.3,1.85,1.95,2.28,1.55
England EFL League One,2025-02-22,12:00:00,33,Lincoln City,Burton Albion,2.5,2.1,5.0,1.79,3.47,4.5,1.44,2.63,3.25,1.33,10.0,1.06,1.06,9.5,1.38,3.0,2.13,1.65,2.0,1.75,1.2,1.25,2.0,1.47,1.0,1.4,1.08,2.48,1.47,6.75,2.95,1.34,2.9,1.58,2.2,1.9,1.9,2.4,1.49,3.15,1.3
England EFL League One,2025-02-22,12:00:00,33,Northampton Town,Bristol Rovers,2.75,2.1,4.0,2.09,3.38,3.38,1.44,2.63,3.25,1.33,9.0,1.07,1.05,10.0,1.33,3.25,2.1,1.67,1.91,1.91,1.33,1.25,1.72,1.29,0.63,1.2,0.97,2.17,1.72,6.4,2.38,1.35,2.9,1.58,2.2,1.88,1.92,2.48,1.47,3.2,1.28
England EFL League One,2025-02-22,12:00:00,33,Shrewsbury Town,Stevenage,4.33,1.95,2.88,3.57,3.23,2.09,1.53,2.38,3.5,1.29,11.0,1.05,1.09,8.0,1.57,2.25,2.37,1.53,2.05,1.7,1.75,1.28,1.28,1.06,1.0,1.1,1.08,2.18,2.4,6.75,1.67,1.29,3.15,1.5,2.4,1.81,1.88,2.25,1.55,2.9,1.35
England EFL League One,2025-02-22,12:00:00,33,Wycombe Wanderers,Wigan Athletic,2.25,2.1,6.0,1.61,3.77,5.5,1.44,2.63,3.25,1.33,10.0,1.06,1.06,9.5,1.38,3.0,2.15,1.65,2.1,1.67,1.12,1.22,2.35,2.07,1.27,1.44,1.18,2.62,1.48,6.75,2.95,1.44,2.55,1.75,1.95,2.18,1.58,2.85,1.36,3.8,1.21
England Championship,2025-02-22,12:00:00,34,Norwich City,Stoke City,2.2,2.3,5.5,1.62,3.94,5.1,1.36,3.0,2.63,1.44,7.0,1.1,1.04,13.0,1.26,4.0,1.8,1.95,1.83,1.83,1.17,1.24,2.2,1.69,0.81,1.49,1.11,2.6,1.44,7.0,3.05,1.22,3.7,1.4,2.7,1.65,2.08,2.0,1.71,2.5,1.46
England EFL League One,2025-02-22,12:00:00,33,Cambridge United,Stockport County,5.0,2.1,2.5,3.93,3.33,1.94,1.44,2.63,3.25,1.33,9.0,1.07,1.06,8.5,1.35,3.1,2.0,1.73,1.95,1.8,1.93,1.25,1.2,1.07,1.5,1.47,1.36,2.83,2.48,6.4,1.67,1.46,2.5,1.76,1.93,2.23,1.56,2.9,1.35,3.9,1.2
Spain Segunda División,2025-02-22,12:15:00,28,SD Eibar,Racing Santander,2.85,2.12,3.9,2.34,3.36,3.23,1.43,2.65,2.85,1.37,8.3,1.02,1.06,8.5,1.33,3.05,2.02,1.8,1.79,1.93,1.32,1.3,1.63,1.85,2.0,1.54,1.34,2.88,1.79,6.4,2.23,1.36,2.8,1.63,2.08,2.04,1.66,2.6,1.41,3.4,1.25
Spain Segunda División,2025-02-22,12:15:00,28,Burgos CF,Real Oviedo,3.6,1.8,3.5,2.91,2.95,2.84,1.62,2.15,3.9,1.22,11.5,1.03,1.12,5.75,1.57,2.25,2.37,1.48,2.2,1.6,1.44,1.39,1.4,1.62,1.38,1.42,1.33,2.75,1.74,6.5,2.3,1.41,2.6,1.7,1.98,2.14,1.6,2.8,1.36,3.7,1.21
Spain La Liga,2025-02-22,12:15:00,25,Rayo Vallecano,Villarreal,3.5,2.2,3.0,2.9,3.5,2.3,1.36,3.0,2.63,1.44,7.0,1.1,1.05,12.0,1.26,4.0,1.8,2.0,1.67,2.1,1.58,1.28,1.4,1.64,1.75,1.68,1.49,3.17,1.92,6.4,2.08,1.32,3.0,1.55,2.25,1.9,1.78,2.4,1.49,3.15,1.3
Bulgaria First League,2025-02-22,12:30:00,22,Cherno More,Ludogorets,5.5,1.95,2.63,3.71,3.37,1.99,1.53,2.38,3.75,1.25,11.0,1.05,1.05,6.55,1.46,2.6,2.37,1.48,2.2,1.62,1.82,1.3,1.2,2.1,2.5,1.71,1.59,3.3,2.7,6.25,1.58,1.66,2.08,2.08,1.66,2.7,1.4,3.65,1.24,5.1,1.13
Portugal Liga NOS,2025-02-22,12:30:00,23,Casa Pia,Gil Vicente,3.1,1.95,4.33,2.2,3.0,3.4,1.57,2.25,3.75,1.25,11.0,1.05,1.1,7.5,1.47,2.7,2.4,1.5,2.05,1.7,1.31,1.34,1.63,1.73,0.55,1.24,0.92,2.16,1.7,6.75,2.35,1.33,2.95,1.56,2.23,1.91,1.8,2.4,1.47,3.15,1.29
Netherlands Eerste Divisie,2025-02-22,12:30:00,27,VVV,Volendam,4.0,2.5,2.3,3.9,4.0,1.75,1.25,3.75,2.2,1.62,5.0,1.17,1.01,17.0,1.14,5.5,1.5,2.5,1.5,2.5,1.95,1.23,1.25,0.77,1.69,1.63,1.42,3.05,2.48,6.5,1.66,1.3,3.05,1.55,2.28,1.9,1.79,2.35,1.5,3.05,1.3
Portugal LigaPro,2025-02-22,12:30:00,23,CS Marítimo,União de Leiria,3.1,2.05,3.75,2.25,3.2,3.0,1.44,2.63,3.4,1.3,10.0,1.06,1.06,8.0,1.37,2.8,2.05,1.61,1.83,1.83,1.38,1.32,1.57,1.0,1.45,1.68,1.4,3.08,1.75,8.0,2.44,1.23,3.6,1.44,2.58,1.74,2.02,2.19,1.63,2.77,1.39
Turkey Süper Lig,2025-02-22,13:00:00,25,Samsunspor,Rizespor,2.63,2.2,4.0,1.98,3.45,3.6,1.4,2.75,2.75,1.4,8.0,1.08,1.04,10.06,1.29,3.44,1.85,1.85,1.73,2.0,1.28,1.25,1.77,2.09,1.0,1.55,1.14,2.69,1.61,6.5,2.55,1.41,2.65,1.68,2.02,2.12,1.63,2.7,1.4,3.55,1.24
France Ligue 1,2025-02-22,13:00:00,23,Lille,Monaco,2.75,2.3,3.6,2.24,3.64,3.19,1.33,3.25,2.5,1.5,6.5,1.11,1.03,15.0,1.22,4.33,1.73,2.0,1.57,2.25,1.35,1.27,1.68,1.91,1.4,1.63,1.62,3.25,1.74,6.25,2.4,1.35,2.9,1.6,2.17,1.98,1.72,2.5,1.46,3.3,1.28
Austria Bundesliga,2025-02-22,13:00:00,19,Austria Wien,Salzburg,3.4,2.2,3.1,2.79,3.39,2.4,1.36,3.0,2.75,1.4,7.0,1.1,1.05,9.5,1.25,3.9,1.53,2.25,1.62,2.2,1.52,1.3,1.42,2.78,1.11,1.61,1.49,3.1,2.07,6.4,1.93,1.34,2.9,1.58,2.2,2.0,1.8,2.43,1.47,3.15,1.29
Austria Bundesliga,2025-02-22,13:00:00,19,Austria Klagenfurt,Grazer AK,3.1,2.2,3.4,2.68,3.29,2.55,1.4,2.75,2.75,1.4,8.0,1.08,1.05,9.0,1.3,3.45,1.87,1.87,1.7,2.05,1.42,1.29,1.55,1.13,1.0,1.32,1.1,2.42,1.98,6.5,2.0,1.3,3.15,1.52,2.33,1.95,1.85,2.33,1.52,2.95,1.33
Austria Bundesliga,2025-02-22,13:00:00,19,Wattens,Wolfsberger AC,4.53,2.28,2.52,4.0,3.5,1.87,1.38,3.05,2.88,1.41,7.1,1.04,1.06,8.5,1.3,3.4,1.91,1.83,1.75,1.93,1.83,1.25,1.25,0.89,1.88,1.03,1.45,2.48,2.55,6.4,1.64,1.33,2.95,1.55,2.25,1.85,1.95,2.4,1.49,3.05,1.3
Romania Liga I,2025-02-22,13:00:00,28,Botoşani,CS U Craiova,4.3,2.06,2.6,3.76,3.11,2.07,1.46,2.55,3.05,1.32,7.5,1.05,1.04,9.5,1.36,3.0,1.92,1.82,1.86,1.84,1.69,1.32,1.25,1.15,1.46,1.73,1.58,3.31,2.4,6.25,1.71,1.43,2.55,1.75,1.92,2.23,1.56,2.9,1.34,3.9,1.19
Italy Serie B,2025-02-22,13:15:00,27,Cremonese,Cesena,2.4,2.0,4.75,1.84,3.62,4.6,1.44,2.55,3.0,1.34,8.0,1.07,1.06,8.5,1.36,3.1,2.0,1.67,1.95,1.75,1.19,1.3,1.95,1.54,0.85,1.78,1.34,3.12,1.64,8.0,2.67,1.39,2.77,1.68,2.12,2.11,1.68,2.7,1.41,3.65,1.22
Poland Ekstraklasa,2025-02-22,13:30:00,22,Widzew Łódź,Pogoń Szczecin,3.56,2.22,2.68,3.11,3.52,2.15,1.3,3.28,2.53,1.47,6.3,1.06,1.01,11.0,1.16,4.15,1.65,2.0,1.57,2.25,1.67,1.27,1.35,1.7,0.8,1.4,1.39,2.79,2.23,6.4,1.8,1.33,2.88,1.58,2.15,1.94,1.72,2.48,1.44,3.3,1.26
Croatia Prva HNL,2025-02-22,13:45:00,23,Rijeka,Dinamo Zagreb,3.75,2.03,3.1,2.95,2.95,2.35,1.49,2.45,3.15,1.32,7.8,1.03,1.06,7.5,1.39,2.75,2.2,1.62,1.9,1.82,1.54,1.32,1.37,2.0,1.2,1.68,1.85,3.53,1.91,7.5,2.2,1.43,2.63,1.74,2.02,2.22,1.62,2.85,1.37,3.9,1.19
Italy Serie A,2025-02-22,14:00:00,26,Torino,AC Milan,4.0,2.1,2.75,3.77,3.5,2.06,1.44,2.63,3.25,1.33,9.0,1.07,1.03,9.0,1.28,3.25,2.0,1.82,1.91,1.91,1.75,1.3,1.28,1.17,1.55,1.15,1.48,2.63,2.4,6.4,1.71,1.4,2.65,1.67,2.05,2.08,1.65,2.65,1.4,3.55,1.24
Slovakia Super Liga,2025-02-22,14:00:00,21,Žilina,DAC,2.75,2.2,3.25,2.07,3.31,3.51,1.33,3.25,2.63,1.44,6.0,1.11,1.01,8.8,1.23,3.9,1.92,1.82,1.62,2.2,1.42,1.27,1.53,2.5,1.6,1.82,1.52,3.34,1.98,6.4,2.25,1.22,3.65,1.43,2.62,1.9,1.9,2.16,1.65,2.73,1.4
Egypt Egyptian Premier League,2025-02-22,14:00:00,15,Al Ahly,Zamalek,2.13,2.27,5.2,1.99,3.12,4.1,1.34,2.9,2.6,1.44,6.1,1.08,1.02,10.0,1.27,3.5,1.91,1.83,1.83,1.87,1.16,1.24,2.09,2.43,1.67,1.8,1.31,3.11,1.45,6.85,3.54,1.25,3.28,1.47,2.35,1.84,1.82,2.35,1.47,3.2,1.26
Switzerland Challenge League,2025-02-22,14:00:00,23,Bellinzona,Étoile Carouge,3.0,2.17,3.2,2.71,3.26,2.54,1.35,2.98,2.6,1.44,7.2,1.04,1.01,8.7,1.26,3.6,1.91,1.83,1.64,2.12,1.44,1.29,1.48,1.36,1.0,1.42,1.59,3.01,2.01,5.95,2.21,1.5,2.47,1.89,1.91,2.36,1.54,3.28,1.25,0.0,0.0
Switzerland Super League,2025-02-22,14:00:00,25,Lausanne Sport,Grasshopper,2.18,2.32,5.0,1.76,3.77,4.2,1.35,2.95,2.5,1.47,5.95,1.1,1.05,9.5,1.25,3.6,1.83,1.91,1.77,1.94,1.18,1.23,2.1,2.08,1.0,1.86,1.28,3.14,1.5,7.0,2.8,1.25,3.45,1.43,2.55,1.68,2.02,2.06,1.64,2.63,1.41
Switzerland Super League,2025-02-22,14:00:00,25,Zürich,Yverdon Sport,2.0,2.35,5.0,1.56,4.2,5.2,1.3,3.2,2.45,1.48,6.25,1.06,1.04,10.0,1.22,4.2,1.6,2.1,1.75,1.93,1.14,1.18,2.3,1.33,0.58,1.5,1.18,2.68,1.49,6.5,2.9,1.36,2.8,1.6,2.15,1.96,1.72,2.48,1.45,3.3,1.27
Belgium Pro League,2025-02-22,14:15:00,27,KVC Westerlo,Sporting Charleroi,2.75,2.3,3.5,2.32,3.53,2.81,1.33,3.25,2.5,1.5,6.5,1.11,1.02,17.0,1.18,4.65,1.67,2.1,1.57,2.25,1.35,1.26,1.68,1.46,0.92,1.93,1.4,3.33,1.66,6.75,2.45,1.21,3.8,1.38,2.8,1.61,2.15,1.98,1.74,2.48,1.47
Spain Segunda División,2025-02-22,14:30:00,28,Granada CF,Real Zaragoza,2.6,2.0,4.2,2.01,3.41,4.1,1.46,2.5,3.1,1.31,8.5,1.06,1.07,8.0,1.4,2.88,2.1,1.6,1.98,1.73,1.26,1.31,1.77,1.64,1.36,1.7,1.36,3.06,1.66,6.4,2.48,1.34,2.88,1.58,2.15,1.96,1.71,2.5,1.44,3.3,1.26
Greece Super League,2025-02-22,14:30:00,24,Atromitos,Panserraikos,2.6,2.05,5.0,1.8,3.3,4.33,1.5,2.5,3.4,1.3,10.0,1.06,1.08,8.4,1.39,2.9,2.05,1.61,2.0,1.75,1.24,1.34,1.91,0.73,0.82,1.26,1.29,2.55,1.58,6.4,2.65,1.43,2.43,1.8,2.0,2.2,1.52,2.88,1.3,3.85,1.17
England Premier League,2025-02-22,14:30:00,26,Aston Villa,Chelsea,3.1,2.38,2.88,2.62,3.6,2.45,1.29,3.5,2.25,1.57,5.5,1.14,1.03,18.0,1.17,5.3,1.5,2.48,1.44,2.63,1.55,1.27,1.44,1.79,1.62,1.6,1.53,3.13,1.91,7.0,2.05,1.18,4.1,1.3,3.05,1.53,2.32,1.85,1.83,2.3,1.54
Spain La Liga,2025-02-22,14:30:00,25,Valencia CF,Atlético Madrid,4.75,2.05,2.63,4.2,3.4,1.91,1.5,2.5,3.4,1.3,10.0,1.06,1.08,8.5,1.42,2.9,2.2,1.67,2.0,1.75,1.87,1.31,1.21,1.5,1.73,1.34,1.16,2.5,2.38,6.4,1.73,1.35,2.9,1.61,2.15,2.0,1.71,2.55,1.44,3.3,1.27
Germany Bundesliga,2025-02-22,14:30:00,23,Borussia Dortmund,Union Berlin,2.0,2.5,5.5,1.61,4.4,5.4,1.29,3.5,2.25,1.57,5.5,1.14,1.02,19.0,1.19,4.75,1.67,2.1,1.67,2.1,1.18,1.23,2.5,1.91,0.73,1.58,1.31,2.89,1.42,7.0,3.2,1.24,3.55,1.41,2.63,1.7,2.0,2.08,1.65,2.6,1.43
Greece Super League,2025-02-22,15:00:00,24,Volos NFC,Levadiakos,3.2,1.91,4.0,2.3,2.9,3.25,1.57,2.25,3.75,1.25,13.0,1.04,1.11,6.4,1.52,2.44,2.37,1.48,2.1,1.67,1.35,1.42,1.59,0.45,1.0,1.27,1.08,2.35,1.79,6.25,2.23,1.42,2.45,1.71,1.89,2.15,1.55,2.8,1.33,3.75,1.18
Portugal LigaPro,2025-02-22,15:00:00,23,CD Feirense,UD Oliveirense,2.6,2.11,4.4,1.91,3.3,3.8,1.45,2.6,2.95,1.35,7.3,1.04,1.02,7.9,1.35,2.95,2.0,1.67,1.86,1.85,1.26,1.3,1.75,1.82,0.9,1.71,1.13,2.84,1.85,8.5,2.27,1.15,4.45,1.29,3.12,1.53,2.34,1.87,1.87,2.35,1.55
Portugal Liga NOS,2025-02-22,15:00:00,23,Benfica,Boavista FC,1.43,3.4,12.83,1.1,9.0,17.0,1.2,4.0,2.05,1.77,4.0,1.2,1.01,23.0,1.11,5.5,1.36,2.99,2.3,1.55,1.02,1.06,5.75,2.73,0.82,2.01,0.98,2.99,1.1,10.5,7.0,1.27,3.25,1.47,2.43,1.8,1.91,2.18,1.58,2.7,1.38
Czech Republic First League,2025-02-22,15:00:00,23,Sparta Praha,České Budějovice,1.32,3.92,14.04,1.08,9.8,18.0,1.14,5.1,1.79,1.99,3.2,1.3,0.0,0.0,1.01,8.7,1.27,3.55,2.19,1.59,1.01,1.03,5.8,2.09,0.1,2.04,0.98,3.02,1.11,10.5,6.75,1.25,3.4,1.45,2.55,1.72,1.98,2.08,1.65,2.65,1.42
France Ligue 1,2025-02-22,15:00:00,23,Saint-Étienne,Angers SCO,3.1,2.1,3.6,2.5,3.31,3.0,1.44,2.63,3.25,1.33,9.0,1.07,1.07,9.5,1.33,3.3,1.93,1.88,1.8,1.95,1.39,1.31,1.55,1.6,1.36,1.29,1.08,2.37,1.81,6.4,2.2,1.4,2.7,1.66,2.06,2.07,1.66,2.65,1.41,3.55,1.24
Romania Liga I,2025-02-22,15:30:00,28,CFR Cluj,Petrolul 52,2.0,2.28,6.1,1.73,3.45,5.0,1.38,2.75,2.9,1.38,6.75,1.06,1.02,11.5,1.3,3.3,1.95,1.79,2.18,1.58,1.12,1.2,2.4,1.85,1.15,1.82,1.34,3.16,1.38,6.75,3.45,1.49,2.38,1.82,1.84,2.3,1.52,3.0,1.32,3.95,1.18
Austria 2. Liga,2025-02-22,16:00:00,17,Sturm Graz II,Rapid Wien II,2.59,2.61,3.33,1.95,3.7,2.8,1.21,4.0,2.06,1.74,4.2,1.19,1.01,17.0,1.12,5.8,1.41,2.75,1.4,2.7,1.41,1.22,1.68,1.29,1.38,1.26,1.46,2.72,2.0,6.55,2.21,0.0,0.0,1.32,2.88,1.6,2.14,2.02,1.71,2.6,1.41
Netherlands Eredivisie,2025-02-22,16:00:00,20,Feyenoord,Almere City,1.57,2.88,10.0,1.2,7.1,17.0,1.22,4.0,2.1,1.67,4.5,1.18,1.01,23.0,1.11,6.25,1.4,2.82,1.95,1.8,1.03,1.09,4.8,2.0,0.64,1.87,1.19,3.06,1.1,11.5,7.0,1.25,3.45,1.44,2.55,1.7,2.02,2.07,1.66,2.55,1.43
France Ligue 2,2025-02-22,16:00:00,24,Metz,Ajaccio,2.06,2.23,6.8,1.51,3.94,6.6,1.43,2.65,2.95,1.35,7.6,1.03,1.06,8.5,1.36,2.85,2.05,1.65,2.19,1.61,1.12,1.22,2.38,2.33,0.64,1.74,1.03,2.77,1.41,6.75,3.3,1.52,2.33,1.86,1.82,2.33,1.5,3.05,1.3,4.1,1.19
Poland Ekstraklasa,2025-02-22,16:15:00,22,Radomiak Radom,Legia Warszawa,4.37,2.34,2.46,3.78,3.72,1.86,1.33,3.23,2.67,1.46,5.7,1.11,1.05,9.5,1.23,3.75,1.73,1.91,1.65,2.11,1.84,1.25,1.26,1.2,1.3,1.57,1.51,3.08,2.55,6.75,1.6,1.33,2.88,1.56,2.17,1.91,1.74,2.45,1.5,3.2,1.27
Switzerland Super League,2025-02-22,16:30:00,25,St. Gallen,Basel,3.0,2.25,2.9,2.71,3.65,2.34,1.28,3.35,2.25,1.57,5.0,1.11,1.04,10.0,1.18,4.75,1.53,2.4,1.45,2.5,1.5,1.22,1.48,1.82,1.5,1.86,1.82,3.68,2.08,6.5,1.92,1.17,4.1,1.34,2.9,1.55,2.25,1.85,1.81,2.3,1.52
Germany 2. Bundesliga,2025-02-22,16:30:00,23,Hannover 96,Paderborn,2.75,2.35,3.77,2.22,3.57,3.27,1.36,3.17,2.6,1.5,6.0,1.11,1.05,9.5,1.22,3.9,1.82,2.0,1.6,2.2,1.36,1.28,1.65,2.18,1.82,1.73,1.4,3.13,1.76,6.75,2.28,1.29,3.2,1.49,2.4,1.79,1.9,2.23,1.56,2.9,1.35
Italy Serie A,2025-02-22,16:45:00,26,Inter Milan,Genoa,1.73,2.6,9.0,1.28,6.2,11.0,1.3,3.4,2.5,1.5,6.0,1.13,1.01,12.0,1.17,4.25,1.65,2.15,2.1,1.67,1.06,1.14,3.6,2.25,1.25,1.71,1.03,2.74,1.16,9.0,5.6,1.28,3.2,1.49,2.4,1.8,1.89,2.25,1.55,2.9,1.35
Belgium Pro League,2025-02-22,16:45:00,27,Royal Antwerp FC,OH Leuven,2.5,2.15,3.9,1.93,3.53,3.75,1.36,2.9,2.6,1.43,6.5,1.1,1.04,13.0,1.26,3.67,1.82,1.92,1.72,1.98,1.27,1.28,1.82,2.0,0.62,1.7,1.18,2.88,1.48,7.0,2.9,1.21,3.9,1.36,2.8,1.58,2.18,1.93,1.77,2.4,1.49
Spain Segunda División,2025-02-22,17:00:00,28,Sporting Gijón,Almería,3.25,2.0,3.6,2.53,3.38,2.9,1.5,2.5,3.5,1.29,11.0,1.05,1.08,7.5,1.42,2.8,2.37,1.48,2.0,1.73,1.4,1.33,1.52,1.71,1.5,1.51,1.56,3.07,1.82,8.0,2.33,1.31,3.15,1.56,2.33,1.93,1.82,2.43,1.49,3.22,1.28
Uruguay Primera División,2025-02-22,17:00:00,4,Boston River,Nacional,6.5,2.25,2.1,5.7,3.98,1.56,1.4,2.75,3.0,1.36,8.0,1.08,1.05,8.5,1.29,3.4,1.92,1.82,2.1,1.67,2.7,1.2,1.1,1.0,1.5,1.09,1.57,2.66,4.15,6.6,1.36,1.41,2.65,1.75,1.92,2.35,1.5,3.35,1.27,4.35,1.17
Spain La Liga,2025-02-22,17:00:00,25,UD Las Palmas,FC Barcelona,7.5,3.0,1.62,9.5,6.0,1.25,1.18,4.5,1.83,1.83,3.75,1.25,1.01,26.0,1.08,8.0,1.33,3.4,1.67,2.1,3.6,1.12,1.06,1.08,2.08,1.41,1.69,3.1,3.9,7.5,1.3,1.29,3.15,1.52,2.33,1.83,1.85,2.3,1.54,2.9,1.34
France Ligue 1,2025-02-22,17:05:00,23,Auxerre,Olympique Marseille,5.0,2.4,2.1,5.0,4.1,1.7,1.3,3.4,2.38,1.53,6.0,1.13,1.03,17.0,1.2,4.5,1.73,2.0,1.67,2.1,2.25,1.22,1.17,1.82,2.45,1.31,1.5,2.81,3.15,6.75,1.45,1.38,2.7,1.65,2.08,2.05,1.67,2.63,1.41,3.4,1.26
Portugal Liga NOS,2025-02-22,17:30:00,23,GD Estoril Praia,Rio Ave FC,2.55,2.05,4.2,1.95,3.3,3.8,1.4,2.7,2.8,1.38,6.5,1.08,1.06,8.5,1.33,3.2,2.0,1.75,1.77,1.95,1.25,1.25,1.75,1.64,0.73,1.23,0.97,2.2,1.6,6.75,2.55,1.23,3.6,1.58,2.15,1.96,1.72,2.5,1.44,3.25,1.27
Argentina Primera División,2025-02-22,18:00:00,7,Independiente,Instituto,2.4,2.0,6.0,1.7,3.4,5.25,1.53,2.38,3.75,1.25,11.0,1.05,1.09,7.0,1.48,2.6,2.4,1.53,2.25,1.57,1.15,1.25,2.05,3.0,0.33,1.94,1.19,3.13,1.43,6.75,3.15,1.39,2.77,1.68,2.12,2.11,1.68,2.7,1.41,3.65,1.22
Chile Primera División,2025-02-22,18:00:00,2,Coquimbo Unido,Universidad Católica,3.1,2.1,3.6,2.3,3.25,2.88,1.44,2.63,3.25,1.33,9.0,1.07,1.05,8.0,1.34,3.05,2.05,1.75,1.8,1.91,1.37,1.3,1.58,0.0,0.0,0.0,0.0,0.0,1.46,7.5,3.2,1.21,3.8,1.45,2.52,1.8,1.88,2.35,1.5,3.2,1.29
Paraguay Division Profesional,2025-02-22,18:15:00,6,Sportivo Ameliano,Nacional Asunción,3.29,1.96,3.85,2.49,3.01,2.97,1.53,2.42,3.4,1.29,9.0,1.03,1.09,6.0,1.5,2.4,2.37,1.48,2.1,1.67,1.4,1.36,1.53,1.0,0.2,1.34,1.16,2.5,1.9,6.1,2.15,1.55,2.25,1.92,1.75,2.48,1.45,3.3,1.26,4.4,1.16
USA MLS,2025-02-22,18:45:00,0,Los Angeles FC,Minnesota United,2.3,2.38,4.5,1.71,3.89,4.4,1.3,3.4,2.5,1.5,6.0,1.13,1.03,15.0,1.22,4.33,1.6,2.2,1.62,2.2,1.21,1.24,2.05,0.0,0.0,0.0,0.0,0.0,1.44,7.0,3.05,1.19,4.0,1.34,2.9,1.57,2.23,1.9,1.79,2.33,1.5
Uruguay Primera División,2025-02-22,19:30:00,4,Cerro Largo,Miramar Misiones,2.65,2.0,4.35,1.96,3.09,4.2,1.49,2.4,3.3,1.27,8.5,1.04,1.07,7.0,1.44,2.6,2.37,1.48,2.04,1.65,1.24,1.34,1.8,2.0,0.0,2.06,1.49,3.55,1.64,6.25,2.55,1.52,2.33,1.88,1.81,2.4,1.5,3.15,1.3,4.2,1.18
Argentina Primera División,2025-02-22,19:30:00,7,Boca Juniors,Aldosivi,2.1,2.1,7.5,1.48,3.7,7.0,1.5,2.5,3.4,1.3,10.0,1.06,1.08,8.4,1.41,2.85,2.2,1.65,2.25,1.57,1.1,1.23,2.5,2.33,0.0,1.26,1.35,2.61,1.32,7.5,3.65,1.39,2.77,1.68,2.12,2.11,1.68,2.7,1.41,3.65,1.22
Chile Primera División,2025-02-22,20:30:00,2,Ñublense,Deportes Limache,2.75,2.2,4.0,2.0,3.3,3.3,1.4,2.75,2.75,1.4,8.0,1.08,1.01,9.65,1.29,3.54,1.95,1.85,1.73,2.0,1.33,1.3,1.73,0.0,0.0,0.0,0.0,0.0,1.65,6.4,2.5,1.38,2.65,1.65,2.02,2.07,1.62,2.65,1.38,3.55,1.22
Paraguay Division Profesional,2025-02-22,20:30:00,6,Atlético Tembetary,Libertad,5.47,2.2,2.29,5.3,3.14,1.78,1.41,2.78,3.09,1.34,7.5,1.06,1.05,8.0,1.36,2.9,2.05,1.65,2.0,1.73,2.1,1.3,1.17,1.2,2.6,1.46,1.71,3.17,3.0,8.0,1.53,1.43,2.63,1.77,1.95,2.22,1.62,2.85,1.37,3.9,1.19
Argentina Primera División,2025-02-22,21:30:00,7,San Martín San Juan,River Plate,6.5,2.05,2.25,5.25,3.6,1.57,1.5,2.5,3.5,1.29,10.0,1.06,1.09,7.8,1.45,2.65,2.3,1.6,2.25,1.57,2.25,1.27,1.13,0.33,1.0,1.54,1.67,3.21,3.05,6.75,1.47,1.43,2.63,1.74,2.02,2.22,1.62,2.85,1.37,3.9,1.19
USA MLS,2025-02-22,21:30:00,0,Orlando City,Philadelphia Union,2.25,2.4,4.5,1.67,4.2,4.33,1.29,3.5,2.38,1.53,5.5,1.14,1.02,19.0,1.18,5.0,1.53,2.35,1.57,2.25,1.22,1.24,2.05,0.0,0.0,0.0,0.0,0.0,1.47,6.75,3.05,1.28,3.3,1.47,2.43,1.77,1.92,2.2,1.58,2.8,1.36
USA MLS,2025-02-22,21:30:00,0,DC United,Toronto,2.38,2.4,4.0,1.81,3.65,4.1,1.29,3.5,2.38,1.53,5.5,1.14,1.03,15.0,1.2,4.5,1.55,2.3,1.53,2.38,1.25,1.25,1.93,0.0,0.0,0.0,0.0,0.0,1.5,6.75,2.9,1.3,3.15,1.52,2.33,1.84,1.84,2.32,1.52,2.95,1.33
USA MLS,2025-02-22,21:30:00,0,FC Cincinnati,New York RB,2.75,2.25,3.75,1.96,3.52,3.63,1.33,3.25,2.63,1.44,7.0,1.1,1.04,13.0,1.26,4.0,1.73,2.0,1.62,2.2,1.3,1.28,1.75,0.0,0.0,0.0,0.0,0.0,1.57,6.75,2.65,1.24,3.55,1.41,2.63,1.68,2.02,2.07,1.66,2.65,1.41
USA MLS,2025-02-22,21:30:00,0,Atlanta United FC,Montreal Impact,2.2,2.4,5.0,1.66,3.79,4.9,1.3,3.4,2.5,1.5,6.0,1.13,1.03,15.0,1.2,4.5,1.61,2.15,1.67,2.1,1.18,1.24,2.15,0.0,0.0,0.0,0.0,0.0,1.43,7.0,3.15,1.28,3.2,1.48,2.43,1.78,1.9,2.23,1.57,2.8,1.36
USA MLS,2025-02-22,21:30:00,0,Inter Miami,New York City,2.25,2.4,4.33,1.71,3.77,4.6,1.29,3.5,2.25,1.57,5.5,1.14,1.03,17.0,1.18,5.0,1.53,2.35,1.57,2.25,1.19,1.23,2.1,0.0,0.0,0.0,0.0,0.0,1.72,6.5,2.4,1.36,2.85,1.61,2.15,1.98,1.72,2.55,1.44,3.3,1.27
USA MLS,2025-02-22,21:30:00,0,Columbus Crew,Chicago Fire,1.95,2.5,5.5,1.45,4.4,6.4,1.29,3.5,2.25,1.57,5.5,1.14,1.02,19.0,1.18,5.0,1.53,2.35,1.7,2.05,1.13,1.18,2.6,0.0,0.0,0.0,0.0,0.0,1.35,7.0,3.55,1.4,2.7,1.66,2.07,2.05,1.67,2.63,1.42,3.45,1.25
Argentina Primera División,2025-02-22,21:45:00,7,Rosario Central,Sarmiento,2.38,2.0,6.5,1.67,3.5,6.0,1.53,2.38,3.5,1.29,11.0,1.05,1.09,7.0,1.48,2.65,2.4,1.53,2.25,1.57,1.15,1.25,2.05,3.0,0.0,1.32,1.23,2.55,1.34,7.0,3.65,1.36,2.8,1.63,2.12,1.98,1.72,2.55,1.44,3.3,1.27
USA MLS,2025-02-22,22:30:00,0,Austin,Sporting KC,2.3,2.4,4.33,1.87,3.78,3.7,1.29,3.5,2.25,1.57,5.5,1.14,1.02,19.0,1.18,5.0,1.59,2.35,1.53,2.38,1.25,1.24,1.95,0.0,0.0,0.0,0.0,0.0,1.71,6.5,2.4,1.23,3.65,1.41,2.65,1.66,2.07,2.04,1.67,2.55,1.44
USA MLS,2025-02-22,22:30:00,0,Houston Dynamo,FC Dallas,2.5,2.25,4.33,1.83,3.47,4.2,1.36,3.0,2.63,1.44,7.0,1.1,1.03,13.0,1.25,4.0,1.79,1.95,1.7,2.05,1.22,1.27,1.95,0.0,0.0,0.0,0.0,0.0,1.4,7.0,3.3,1.35,2.88,1.6,2.17,1.96,1.73,2.48,1.47,3.25,1.28
USA MLS,2025-02-22,22:30:00,0,Nashville SC,New England Revolution,2.38,2.4,4.0,1.75,3.76,4.3,1.29,3.5,2.38,1.53,5.5,1.14,1.03,17.0,1.18,5.0,1.62,2.3,1.53,2.38,1.22,1.25,2.0,0.0,0.0,0.0,0.0,0.0,1.5,6.75,2.9,1.27,3.3,1.46,2.48,1.75,1.95,2.17,1.58,2.75,1.38
USA MLS,2025-02-22,22:30:00,0,St. Louis City,Colorado Rapids,2.4,2.5,3.6,1.92,3.94,3.37,1.25,3.75,2.1,1.67,4.5,1.18,1.01,23.0,1.13,6.0,1.4,2.75,1.4,2.75,1.32,1.24,1.78,0.0,0.0,0.0,0.0,0.0,1.63,6.5,2.55,1.26,3.4,1.47,2.48,1.75,1.95,2.17,1.6,2.7,1.38
